group_id,walker,date,year,day,time,home_site_disturbance_by_year,focal_animal,life_stage,sex,trial_num,uid,trap_prop,trap_score_chatter,trap_score_call,trap_score_struggle,conspecifics_pres,conspecifics_5m_num,cover,distance_to_safety_m,start_distance_m,FID_m,emerge_time,time_until_emerge,EmergeSec,,,,,,,,,,,,,,,,,,,,,,,,,,,,,,,
251,1,7/16/19,2019,197,13:04,0.56315115,43,1,1,3,R734,0.866666667,0.153846154,0.076923077,0.076923077,0,0,0,1.70,21.35,10.25,,NA,,,,,,,,,,,,,,,,,,,,,,,,,,,,,,,,
100,2,7/19/18,2018,200,8:58,0.057618821,14,1,1,3,R693,0.176470588,0,0,0,1,1,1,0.40,26.00,9.95,9:27,0:29,29,,,,,,,,,,,,,,,,,,,,,,,,,,,,,,,
66,2,7/16/18,2018,197,11:49,0.712886678,31,1,1,3,R479,0.235294118,0,0,0,0,0,0,4.00,19.60,6.65,11:57,0:08,8,,,,,,,,,,,,,,,,,,,,,,,,,,,,,,,
63,2,7/16/18,2018,197,11:25,0.138633832,39,1,1,5,R518_R591_L560,0.941176471,0.1875,0.0625,0,0,0,0,7.00,6.20,1.80,,NA,,,,,,,,,,,,,,,,,,,,,,,,,,,,,,,,
101,2,7/19/18,2018,200,9:09,0.020737323,42,1,1,1,R523,0.588235294,0,0.1,0,1,1,1,10.00,22.80,15.10,,NA,,,,,,,,,,,,,,,,,,,,,,,,,,,,,,,,
61,2,7/16/18,2018,197,11:19,0.039938581,46,0,1,3,R584,0.647058824,0.090909091,0.090909091,0.181818182,0,0,0,4.00,12.73,6.96,11:24,0:05,5,,,,,,,,,,,,,,,,,,,,,,,,,,,,,,,
68,2,7/16/18,2018,197,12:04,0.138633832,52,0,1,3,R732,0.882352941,0.2,0.066666667,0.066666667,0,0,0,3.00,19.60,4.05,,NA,,,,,,,,,,,,,,,,,,,,,,,,,,,,,,,,
98,2,7/19/18,2018,200,8:42,0.056694429,53,1,0,2,R471,0.588235294,0.1,0,0,0,0,0,0.50,30.53,15.05,9:25,0:43,43,,,,,,,,,,,,,,,,,,,,,,,,,,,,,,,
64,2,7/16/18,2018,197,11:44,0.020737323,55,0,0,4,R730,0.588235294,0.2,0.1,0.3,0,0,0,5.00,22.80,11.70,,NA,,,,,,,,,,,,,,,,,,,,,,,,,,,,,,,,
106,2,7/19/18,2018,200,10:28,0.020737323,55,0,0,6,R730,0.588235294,0.2,0.1,0.3,0,0,1,0.30,23.10,13.55,10:40,0:12,12,,,,,,,,,,,,,,,,,,,,,,,,,,,,,,,
60,2,7/16/18,2018,197,11:14,0.712886678,57,0,1,1,R714,0.647058824,0.181818182,0,0.272727273,1,1,0,5.00,8.75,4.55,11:16,0:02,2,,,,,,,,,,,,,,,,,,,,,,,,,,,,,,,
112,2,7/19/18,2018,200,11:50,0.020737323,59,1,1,2,R627,0.882352941,0,0.2,0,0,0,0,6.00,27.90,15.80,11:55,0:05,5,,,,,,,,,,,,,,,,,,,,,,,,,,,,,,,
74,2,7/17/18,2018,198,10:29,0.057618821,63,1,1,3,R685,0.529411765,0,0.111111111,0,0,0,0,14.00,27.60,17.64,10:40,0:11,11,,,,,,,,,,,,,,,,,,,,,,,,,,,,,,,
110,2,7/19/18,2018,200,11:05,0.057618821,63,1,1,5,R685,0.529411765,0,0.111111111,0,1,1,1,20.00,18.75,13.57,,NA,,,,,,,,,,,,,,,,,,,,,,,,,,,,,,,,
73,2,7/17/18,2018,198,9:55,0.484990647,65,1,1,2,R296,0.764705882,0.384615385,0,0.076923077,1,1,1,2.54,21.94,5.00,,NA,,,,,,,,,,,,,,,,,,,,,,,,,,,,,,,,
77,2,7/17/18,2018,198,11:01,0.020737323,78,0,1,2,R753,0.588235294,0.2,0,0.1,0,0,0,9.00,26.20,22.15,11:26,0:25,25,,,,,,,,,,,,,,,,,,,,,,,,,,,,,,,
103,2,7/19/18,2018,200,9:48,0.020737323,84,1,0,2,R605,0.823529412,0.5,0,0.142857143,1,1,0,3.00,38.10,9.95,,NA,,,,,,,,,,,,,,,,,,,,,,,,,,,,,,,,
11,3,6/26/18,2018,177,11:52,0.712886678,1,0,1,1,R713,0.588235294,0,0.2,0.1,0,0,0,5.00,25.00,0.49,12:17,0:25,25,,,,,,,,,,,,,,,,,,,,,,,,,,,,,,,
44,3,7/6/18,2018,187,11:27,0.712886678,1,0,1,2,R713,0.588235294,0,0.2,0.1,1,1,1,3.00,13.68,11.52,,NA,,,,,,,,,,,,,,,,,,,,,,,,,,,,,,,,
62,3,7/16/18,2018,197,11:23,0.712886678,1,0,1,3,R713,0.588235294,0,0.2,0.1,1,1,0,3.00,9.40,5.70,11:24,0:01,1,,,,,,,,,,,,,,,,,,,,,,,,,,,,,,,
182,3,7/27/18,2018,208,10:22,0.712886678,1,0,1,5,R713,0.588235294,0,0.2,0.1,0,0,0,4.54,16.95,9.52,10:34,0:12,12,,,,,,,,,,,,,,,,,,,,,,,,,,,,,,,
16,3,6/27/18,2018,178,10:05,0.057618821,6,1,1,1,R478,0.117647059,0,0,0,0,0,0,3.00,25.00,16.23,NA,NA,,,,,,,,,,,,,,,,,,,,,,,,,,,,,,,,
21,3,6/29/18,2018,180,9:38,0.057618821,6,1,1,2,R478,0.117647059,0,0,0,1,1,0,1.00,19.60,8.18,10:27,0:49,49,,,,,,,,,,,,,,,,,,,,,,,,,,,,,,,
195,3,8/2/18,2018,214,10:27,0.057618821,6,1,1,4,R478,0.117647059,0,0,0,0,0,1,4.44,13.16,8.65,,NA,,,,,,,,,,,,,,,,,,,,,,,,,,,,,,,,
30,3,7/3/18,2018,184,10:15,0.138633832,7,0,1,1,R741,0.823529412,0.142857143,0,0,0,0,0,2.00,11.87,5.44,,NA,,,,,,,,,,,,,,,,,,,,,,,,,,,,,,,,
49,3,7/12/18,2018,193,11:47,0.138633832,7,0,1,2,R741,0.823529412,0.142857143,0,0,1,1,0,0.00,13.98,5.28,,NA,,,,,,,,,,,,,,,,,,,,,,,,,,,,,,,,
50,3,7/13/18,2018,194,10:00,0.138633832,7,0,1,3,R741,0.823529412,0.142857143,0,0,0,0,0,3.00,9.50,2.11,,NA,,,,,,,,,,,,,,,,,,,,,,,,,,,,,,,,
199,3,8/2/18,2018,214,11:04,0.138633832,7,0,1,10,R741,0.823529412,0.142857143,0,0,0,0,0,5.97,17.94,1.60,,NA,,,,,,,,,,,,,,,,,,,,,,,,,,,,,,,,
39,3,7/6/18,2018,187,10:29,0.712886678,8,1,1,1,R611,0.235294118,0,0,0.25,1,1,0,4.00,12.12,6.70,10:33,0:04,4,,,,,,,,,,,,,,,,,,,,,,,,,,,,,,,
22,3,6/29/18,2018,180,10:01,0.056694429,10,1,1,1,R316,0.882352941,0,0,0.2,0,0,0,14.62,26.48,10.69,10:05,0:04,4,,,,,,,,,,,,,,,,,,,,,,,,,,,,,,,
29,3,7/3/18,2018,184,9:11,0.056694429,10,1,1,2,R316,0.882352941,0,0,0.2,1,1,0,1.00,22.83,11.41,9:20,0:09,9,,,,,,,,,,,,,,,,,,,,,,,,,,,,,,,
53,3,7/13/18,2018,194,11:00,0.056694429,10,1,1,3,R316,0.882352941,0,0,0.2,0,0,0,6.00,22.75,16.63,,NA,,,,,,,,,,,,,,,,,,,,,,,,,,,,,,,,
165,3,7/26/18,2018,207,9:57,0.056694429,10,1,1,4,R316,0.882352941,0,0,0.2,0,0,0,3.00,23.99,21.95,,NA,,,,,,,,,,,,,,,,,,,,,,,,,,,,,,,,
47,3,7/12/18,2018,193,11:36,0.138633832,12,0,0,1,R716,0.705882353,0.083333333,0,0.166666667,0,0,0,2.50,10.00,3.92,,NA,,,,,,,,,,,,,,,,,,,,,,,,,,,,,,,,
21,3,6/29/18,2018,180,9:38,0.057618821,14,1,1,1,R693,0.176470588,0,0,0,1,1,0,2.00,19.97,6.81,10:08,0:30,30,,,,,,,,,,,,,,,,,,,,,,,,,,,,,,,
189,3,7/31/18,2018,212,9:50,0.057618821,14,1,1,5,R693,0.176470588,0,0,0,0,0,0,0.90,27.72,16.79,,NA,,,,,,,,,,,,,,,,,,,,,,,,,,,,,,,,
194,3,8/2/18,2018,214,9:54,0.057618821,14,1,1,6,R693,0.176470588,0,0,0,0,0,1,1.27,17.54,12.01,10:20,0:26,26,,,,,,,,,,,,,,,,,,,,,,,,,,,,,,,
201,3,8/2/18,2018,214,11:30,0.484990647,15,1,1,6,R587,0.411764706,0.714285714,0,0,0,0,0,1.58,15.01,2.43,,NA,,,,,,,,,,,,,,,,,,,,,,,,,,,,,,,,
7,3,6/26/18,2018,177,11:13,0.138633832,18,0,1,1,R743,0.882352941,0.2,0,0,1,1,0,3.00,25.00,4.65,11:16,0:03,3,,,,,,,,,,,,,,,,,,,,,,,,,,,,,,,
25,3,7/2/18,2018,183,9:53,0.138633832,18,0,1,2,R743,0.882352941,0.2,0,0,0,0,1,4.00,28.29,1.75,9:57,0:04,4,,,,,,,,,,,,,,,,,,,,,,,,,,,,,,,
48,3,7/12/18,2018,193,11:41,0.138633832,18,0,1,3,R743,0.882352941,0.2,0,0,0,0,0,0.00,13.18,5.28,11:44,0:03,3,,,,,,,,,,,,,,,,,,,,,,,,,,,,,,,
184,3,7/27/18,2018,208,10:41,0.039938581,20,0,0,2,R813,0.058823529,0,0,1,0,0,1,4.52,15.43,6.34,10:48,0:07,7,,,,,,,,,,,,,,,,,,,,,,,,,,,,,,,
187,3,7/31/18,2018,212,9:25,0.039938581,20,0,0,3,R813,0.058823529,0,0,1,0,0,0,0.77,22.72,18.66,9:30,0:05,5,,,,,,,,,,,,,,,,,,,,,,,,,,,,,,,
186,3,7/27/18,2018,208,11:01,0.065826323,21,0,1,1,R727,0.705882353,0.166666667,0.083333333,0.25,0,0,0,2.94,16.92,9.19,,NA,,,,,,,,,,,,,,,,,,,,,,,,,,,,,,,,
1,3,6/26/18,2018,177,9:48,0.056694429,22,1,1,1,R476_R580,0.352941176,0.666666667,0.166666667,0.5,0,0,0,2.00,25.00,9.92,,NA,,,,,,,,,,,,,,,,,,,,,,,,,,,,,,,,
18,3,6/29/18,2018,180,8:18,0.056694429,22,1,1,2,R476_R580,0.352941176,0.666666667,0.166666667,0.5,0,0,0,2.50,20.25,14.89,8:51,0:33,33,,,,,,,,,,,,,,,,,,,,,,,,,,,,,,,
33,3,7/5/18,2018,186,10:38,0.712886678,23,0,0,1,R799,0.294117647,0,0.4,0,0,0,0,5.00,10.03,5.61,,NA,,,,,,,,,,,,,,,,,,,,,,,,,,,,,,,,
41,3,7/6/18,2018,187,10:53,0.712886678,23,0,0,2,R799,0.294117647,0,0.4,0,0,0,0,4.00,15.35,6.49,11:08,0:15,15,,,,,,,,,,,,,,,,,,,,,,,,,,,,,,,
147,3,7/25/18,2018,206,10:40,0.712886678,23,0,0,6,R799,0.294117647,0,0.4,0,0,0,0,8.00,15.14,8.94,,NA,,,,,,,,,,,,,,,,,,,,,,,,,,,,,,,,
181,3,7/27/18,2018,208,9:51,0.712886678,23,0,0,7,R799,0.294117647,0,0.4,0,0,0,0,3.47,13.81,6.45,,NA,,,,,,,,,,,,,,,,,,,,,,,,,,,,,,,,
35,3,7/5/18,2018,186,11:13,0.712886678,24,0,1,1,R728,0.941176471,0.1875,0,0.125,0,0,0,4.00,10.33,4.21,11:33,0:20,20,,,,,,,,,,,,,,,,,,,,,,,,,,,,,,,
142,3,7/25/18,2018,206,9:56,0.712886678,24,0,1,3,R728,0.941176471,0.1875,0,0.125,1,1,0,2.50,13.20,8.32,10:12,0:16,16,,,,,,,,,,,,,,,,,,,,,,,,,,,,,,,
180,3,7/27/18,2018,208,9:41,0.712886678,24,0,1,4,R728,0.941176471,0.1875,0,0.125,0,0,0,5.20,13.47,3.53,9:53,0:12,12,,,,,,,,,,,,,,,,,,,,,,,,,,,,,,,
158,3,7/26/18,2018,207,9:10,0,25,0,1,2,R739,0.470588235,0,0.375,0.25,1,1,1,2.00,14.44,7.59,,NA,,,,,,,,,,,,,,,,,,,,,,,,,,,,,,,,
28,3,7/2/18,2018,183,10:17,0.138633832,27,0,1,1,R717,1,0.294117647,0.176470588,0.117647059,0,0,0,1.00,12.72,3.12,10:18,0:01,1,,,,,,,,,,,,,,,,,,,,,,,,,,,,,,,
55,3,7/13/18,2018,194,11:30,0.138633832,27,0,1,2,R717,1,0.294117647,0.176470588,0.117647059,0,0,0,0.00,13.40,4.94,11:41,0:11,11,,,,,,,,,,,,,,,,,,,,,,,,,,,,,,,
17,3,6/27/18,2018,178,10:38,0.036098323,28,1,0,1,R593,0.823529412,0.055555556,0.071428571,0.285714286,0,0,1,0.50,25.00,19.01,,NA,,,,,,,,,,,,,,,,,,,,,,,,,,,,,,,,
164,3,7/26/18,2018,207,9:55,0.020737323,30,0,1,2,R821,0.235294118,0.25,0.25,0.25,0,0,0,3.00,13.90,12.88,,NA,,,,,,,,,,,,,,,,,,,,,,,,,,,,,,,,
12,3,6/26/18,2018,177,12:06,0.712886678,31,1,1,1,R479,0.235294118,0,0,0,1,1,0,1.00,25.00,7.61,,NA,,,,,,,,,,,,,,,,,,,,,,,,,,,,,,,,
43,3,7/6/18,2018,187,11:20,0.712886678,31,1,1,2,R479,0.235294118,0,0,0,0,0,0,7.00,9.79,8.49,11:32,0:12,12,,,,,,,,,,,,,,,,,,,,,,,,,,,,,,,
152,3,7/25/18,2018,206,11:46,0.712886678,31,1,1,4,R479,0.235294118,0,0,0,0,0,0,3.50,14.05,5.30,11:53,0:07,7,,,,,,,,,,,,,,,,,,,,,,,,,,,,,,,
176,3,7/26/18,2018,207,11:36,0.712886678,31,1,1,5,R479,0.235294118,0,0,0,1,1,0,2.83,14.01,6.83,,NA,,,,,,,,,,,,,,,,,,,,,,,,,,,,,,,,
177,3,7/27/18,2018,208,9:04,0.712886678,31,1,1,6,R479,0.235294118,0,0,0,0,0,0,1.50,15.11,7.20,9:13,0:09,9,,,,,,,,,,,,,,,,,,,,,,,,,,,,,,,
27,3,7/2/18,2018,183,10:14,0.039938581,36,1,1,1,R291,0.882352941,0.066666667,0,0.2,1,1,0,5.00,20.94,7.07,10:23,0:09,9,,,,,,,,,,,,,,,,,,,,,,,,,,,,,,,
45,3,7/6/18,2018,187,11:33,0.039938581,36,1,1,2,R291,0.882352941,0.066666667,0,0.2,0,0,0,2.00,16.58,9.17,11:36,0:03,3,,,,,,,,,,,,,,,,,,,,,,,,,,,,,,,
149,3,7/25/18,2018,206,10:56,0.039938581,36,1,1,5,R291,0.882352941,0.066666667,0,0.2,0,0,0,2.00,15.90,9.35,11:33,0:37,37,,,,,,,,,,,,,,,,,,,,,,,,,,,,,,,
185,3,7/27/18,2018,208,10:49,0.039938581,36,1,1,6,R291,0.882352941,0.066666667,0,0.2,0,0,0,4.52,18.68,6.08,11:01,0:12,12,,,,,,,,,,,,,,,,,,,,,,,,,,,,,,,
190,3,7/31/18,2018,212,10:07,0.039938581,36,1,1,7,R291,0.882352941,0.066666667,0,0.2,0,0,0,1.10,21.29,12.56,10:15,0:08,8,,,,,,,,,,,,,,,,,,,,,,,,,,,,,,,
57,3,7/13/18,2018,194,11:49,0.484990647,37,0,1,1,R745,0.941176471,0.4375,0.125,0.3125,0,0,0,3.00,20.08,4.97,11:51,0:02,2,,,,,,,,,,,,,,,,,,,,,,,,,,,,,,,
27,3,7/2/18,2018,183,10:14,0,38,0,1,1,R777,0.411764706,0,0,0,1,1,0,5.00,23.65,6.43,10:23,0:09,9,,,,,,,,,,,,,,,,,,,,,,,,,,,,,,,
56,3,7/13/18,2018,194,11:36,0,38,0,1,2,R777,0.411764706,0,0,0,0,0,0,2.00,17.46,8.54,11:55,0:19,19,,,,,,,,,,,,,,,,,,,,,,,,,,,,,,,
193,3,7/31/18,2018,212,10:35,0,38,0,1,7,R777,0.411764706,0,0,0,0,0,1,5.54,29.80,17.01,,NA,,,,,,,,,,,,,,,,,,,,,,,,,,,,,,,,
8,3,6/26/18,2018,177,11:19,0.138633832,39,1,1,1,R518_R591_L560,0.941176471,0.1875,0.0625,0,0,0,0,0.00,25.00,2.03,11:20,0:01,1,,,,,,,,,,,,,,,,,,,,,,,,,,,,,,,
24,3,7/2/18,2018,183,9:26,0.138633832,39,1,1,2,R518_R591_L560,0.941176471,0.1875,0.0625,0,1,1,0,1.00,10.97,4.20,,NA,,,,,,,,,,,,,,,,,,,,,,,,,,,,,,,,
42,3,7/6/18,2018,187,11:03,0.138633832,39,1,1,3,R518_R591_L560,0.941176471,0.1875,0.0625,0,1,1,0,3.00,12.51,2.01,11:05,0:02,2,,,,,,,,,,,,,,,,,,,,,,,,,,,,,,,
54,3,7/13/18,2018,194,11:25,0.138633832,39,1,1,4,R518_R591_L560,0.941176471,0.1875,0.0625,0,0,0,0,3.00,16.31,0.92,,NA,,,,,,,,,,,,,,,,,,,,,,,,,,,,,,,,
198,3,8/2/18,2018,214,10:55,0.138633832,39,1,1,12,R518_R591_L560,0.941176471,0.1875,0.0625,0,1,1,0,2.07,13.32,2.69,,NA,,,,,,,,,,,,,,,,,,,,,,,,,,,,,,,,
197,3,8/2/18,2018,214,10:38,0.020737323,42,1,1,4,R523,0.588235294,0,0.1,0,0,0,0,0.97,34.32,17.28,,NA,,,,,,,,,,,,,,,,,,,,,,,,,,,,,,,,
143,3,7/25/18,2018,206,10:04,0.270019437,43,0,1,2,R734,0.882352941,0.066666667,0.066666667,0.2,0,0,0,0.50,17.68,6.01,10:06,0:02,2,,,,,,,,,,,,,,,,,,,,,,,,,,,,,,,
9,3,6/26/18,2018,177,11:30,0.311812239,44,0,0,1,R729,0.764705882,0.230769231,0.076923077,0,1,1,0,3.00,25.00,4.84,11:34,0:04,4,,,,,,,,,,,,,,,,,,,,,,,,,,,,,,,
46,3,7/12/18,2018,193,11:17,0.311812239,44,0,0,2,R729,0.764705882,0.230769231,0.076923077,0,0,0,0,4.00,14.43,5.41,11:23,0:06,6,,,,,,,,,,,,,,,,,,,,,,,,,,,,,,,
191,3,7/31/18,2018,212,10:18,0.311812239,44,0,0,7,R729,0.764705882,0.230769231,0.076923077,0,0,0,0,4.47,13.81,6.14,,NA,,,,,,,,,,,,,,,,,,,,,,,,,,,,,,,,
13,3,6/26/18,2018,177,12:17,0.039938581,46,0,1,1,R584,0.647058824,0.090909091,0.090909091,0.181818182,1,1,0,5.00,25.00,11.07,,NA,,,,,,,,,,,,,,,,,,,,,,,,,,,,,,,,
38,3,7/6/18,2018,187,10:20,0.039938581,46,0,1,2,R584,0.647058824,0.090909091,0.090909091,0.181818182,0,0,0,6.00,6.90,5.69,10:23,0:03,3,,,,,,,,,,,,,,,,,,,,,,,,,,,,,,,
135,3,7/25/18,2018,206,8:51,0.039938581,46,0,1,5,R584,0.647058824,0.090909091,0.090909091,0.181818182,0,0,0,2.00,15.35,10.05,11:33,2:42,162,,,,,,,,,,,,,,,,,,,,,,,,,,,,,,,
171,3,7/26/18,2018,207,11:06,0.039938581,46,0,1,6,R584,0.647058824,0.090909091,0.090909091,0.181818182,1,1,0,0.25,14.53,12.72,,NA,,,,,,,,,,,,,,,,,,,,,,,,,,,,,,,,
32,3,7/3/18,2018,184,10:55,0.712886678,48,0,0,1,R750,0.411764706,0.285714286,0,0.285714286,0,0,0,1.50,18.05,10.08,,NA,,,,,,,,,,,,,,,,,,,,,,,,,,,,,,,,
198,3,8/2/18,2018,214,10:55,0.712886678,48,0,0,5,R750,0.411764706,0.285714286,0,0.285714286,1,1,0,1.45,15.01,6.25,,NA,,,,,,,,,,,,,,,,,,,,,,,,,,,,,,,,
4,3,6/26/18,2018,177,10:50,0.138633832,52,0,1,1,R732,0.882352941,0.2,0.066666667,0.066666667,1,1,0,3.00,25.00,4.72,10:54,0:04,4,,,,,,,,,,,,,,,,,,,,,,,,,,,,,,,
26,3,7/2/18,2018,183,9:58,0.138633832,52,0,1,2,R732,0.882352941,0.2,0.066666667,0.066666667,1,1,1,1.00,19.81,7.06,10:06,0:08,8,,,,,,,,,,,,,,,,,,,,,,,,,,,,,,,
29,3,7/3/18,2018,184,9:11,0.056694429,53,1,0,1,R471,0.588235294,0.1,0,0,1,1,0,1.00,23.16,13.10,9:39,0:28,28,,,,,,,,,,,,,,,,,,,,,,,,,,,,,,,
202,3,8/2/18,2018,214,11:41,0.056694429,53,1,0,3,R471,0.588235294,0.1,0,0,1,1,0,0.40,31.81,23.14,,NA,,,,,,,,,,,,,,,,,,,,,,,,,,,,,,,,
10,3,6/26/18,2018,177,11:42,0.712886678,54,0,1,1,R737,0.764705882,0.230769231,0,0.153846154,1,1,0,5.00,25.00,9.34,12:15,0:33,33,,,,,,,,,,,,,,,,,,,,,,,,,,,,,,,
156,3,7/25/18,2018,206,12:16,0.712886678,54,0,1,3,R737,0.764705882,0.230769231,0,0.153846154,1,1,0,5.00,11.03,4.42,,NA,,,,,,,,,,,,,,,,,,,,,,,,,,,,,,,,
178,3,7/27/18,2018,208,9:13,0.712886678,54,0,1,4,R737,0.764705882,0.230769231,0,0.153846154,1,2,0,2.13,15.66,9.31,9:31,0:18,18,,,,,,,,,,,,,,,,,,,,,,,,,,,,,,,
3,3,6/26/18,2018,177,10:23,0.020737323,55,0,0,1,R730,0.588235294,0.2,0.1,0.3,1,1,1,5.00,25.00,13.43,10:27,0:04,4,,,,,,,,,,,,,,,,,,,,,,,,,,,,,,,
20,3,6/29/18,2018,180,9:20,0.020737323,55,0,0,2,R730,0.588235294,0.2,0.1,0.3,0,0,1,1.00,15.27,5.57,9:21,0:01,1,,,,,,,,,,,,,,,,,,,,,,,,,,,,,,,
51,3,7/13/18,2018,194,10:47,0.020737323,55,0,0,3,R730,0.588235294,0.2,0.1,0.3,0,0,0,5.00,12.66,9.31,,NA,,,,,,,,,,,,,,,,,,,,,,,,,,,,,,,,
142,3,7/25/18,2018,206,9:56,0.712886678,57,0,1,4,R714,0.647058824,0.181818182,0,0.272727273,1,1,0,0.50,14.34,3.87,10:05,0:09,9,,,,,,,,,,,,,,,,,,,,,,,,,,,,,,,
173,3,7/26/18,2018,207,11:25,0.712886678,57,0,1,5,R714,0.647058824,0.181818182,0,0.272727273,0,0,0,3.40,13.44,6.83,,NA,,,,,,,,,,,,,,,,,,,,,,,,,,,,,,,,
178,3,7/27/18,2018,208,9:13,0.712886678,57,0,1,6,R714,0.647058824,0.181818182,0,0.272727273,1,2,0,2.13,15.73,7.90,9:22,0:09,9,,,,,,,,,,,,,,,,,,,,,,,,,,,,,,,
26,3,7/2/18,2018,183,9:58,0.138633832,58,0,1,1,R747,0.470588235,0.375,0,0.5,1,1,1,1.00,19.14,9.13,10:08,0:10,10,,,,,,,,,,,,,,,,,,,,,,,,,,,,,,,
49,3,7/12/18,2018,193,11:47,0.138633832,58,0,1,2,R747,0.470588235,0.375,0,0.5,1,1,0,0.00,14.22,8.35,,NA,,,,,,,,,,,,,,,,,,,,,,,,,,,,,,,,
188,3,7/31/18,2018,212,9:37,0.020737323,59,1,1,3,R627,0.882352941,0,0.2,0,0,0,0,0.65,31.40,19.49,10:13,0:36,36,,,,,,,,,,,,,,,,,,,,,,,,,,,,,,,
202,3,8/2/18,2018,214,11:41,0.020737323,59,1,1,4,R627,0.882352941,0,0.2,0,1,1,0,2.28,33.59,22.26,,NA,,,,,,,,,,,,,,,,,,,,,,,,,,,,,,,,
15,3,6/27/18,2018,178,9:55,0.075784348,60,0,1,1,R749,0.411764706,0.285714286,0.142857143,0.571428571,0,0,1,5.00,25.00,4.24,,NA,,,,,,,,,,,,,,,,,,,,,,,,,,,,,,,,
2,3,6/26/18,2018,177,10:02,0.057618821,63,1,1,1,R685,0.529411765,0,0.111111111,0,0,0,0,5.00,25.00,12.67,10:07,0:05,5,,,,,,,,,,,,,,,,,,,,,,,,,,,,,,,
23,3,6/29/18,2018,180,10:27,0.057618821,63,1,1,2,R685,0.529411765,0,0.111111111,0,0,0,0,7.30,18.82,3.17,,NA,,,,,,,,,,,,,,,,,,,,,,,,,,,,,,,,
24,3,7/2/18,2018,183,9:26,0.484990647,65,1,1,1,R296,0.764705882,0.384615385,0,0.076923077,1,1,0,1.00,10.97,6.53,9:32,0:06,6,,,,,,,,,,,,,,,,,,,,,,,,,,,,,,,
6,3,6/26/18,2018,177,11:06,0.484990647,66,0,0,1,R738,0.823529412,0.285714286,0,0.071428571,1,1,0,6.00,25.00,7.60,,NA,,,,,,,,,,,,,,,,,,,,,,,,,,,,,,,,
58,3,7/13/18,2018,194,11:49,0.484990647,66,0,0,2,R738,0.823529412,0.285714286,0,0.071428571,0,0,0,2.00,15.66,4.10,11:51,0:02,2,,,,,,,,,,,,,,,,,,,,,,,,,,,,,,,
200,3,8/2/18,2018,214,11:23,0.484990647,66,0,0,6,R738,0.823529412,0.285714286,0,0.071428571,0,0,0,0.93,22.64,5.96,,NA,,,,,,,,,,,,,,,,,,,,,,,,,,,,,,,,
36,3,7/5/18,2018,186,11:52,0.486357981,73,0,0,1,R792,0.058823529,0,0,0,1,2,0,8.00,14.88,11.19,11:58,0:06,6,,,,,,,,,,,,,,,,,,,,,,,,,,,,,,,
31,3,7/3/18,2018,184,10:26,0.056694429,75,1,1,1,R176_L222,0.411764706,0.428571429,0.142857143,0.142857143,0,0,0,3.00,23.20,8.56,,NA,,,,,,,,,,,,,,,,,,,,,,,,,,,,,,,,
52,3,7/13/18,2018,194,10:56,0.056694429,75,1,1,2,R176_L222,0.411764706,0.428571429,0.142857143,0.142857143,0,0,0,5.00,12.93,8.85,11:06,0:10,10,,,,,,,,,,,,,,,,,,,,,,,,,,,,,,,
19,3,6/29/18,2018,180,8:34,0.098885708,76,1,1,1,R486_R650,0.176470588,0.333333333,0.333333333,0.333333333,0,0,0,3.00,21.45,7.75,,NA,,,,,,,,,,,,,,,,,,,,,,,,,,,,,,,,
192,3,7/31/18,2018,212,10:25,0,77,1,0,2,R646,0.764705882,0.307692308,0,0.076923077,0,0,0,3.30,16.88,4.99,10:51,0:26,26,,,,,,,,,,,,,,,,,,,,,,,,,,,,,,,
34,3,7/5/18,2018,186,11:06,0.020737323,78,0,1,1,R753,0.588235294,0.2,0,0.1,0,0,0,1.00,12.35,13.56,11:29,0:23,23,,,,,,,,,,,,,,,,,,,,,,,,,,,,,,,
167,3,7/26/18,2018,207,10:11,0.020737323,78,0,1,6,R753,0.588235294,0.2,0,0.1,0,0,1,4.00,23.01,19.82,10:55,0:44,44,,,,,,,,,,,,,,,,,,,,,,,,,,,,,,,
196,3,8/2/18,2018,214,10:27,0.057618821,79,1,0,1,R759,0.117647059,0.5,0.5,0,0,0,0,1.51,19.07,12.72,,NA,,,,,,,,,,,,,,,,,,,,,,,,,,,,,,,,
40,3,7/6/18,2018,187,10:45,0.712886678,80,0,1,1,R752,0.411764706,0.428571429,0.142857143,0.285714286,0,0,0,2.50,9.70,6.33,10:50,0:05,5,,,,,,,,,,,,,,,,,,,,,,,,,,,,,,,
178,3,7/27/18,2018,208,9:13,0.712886678,80,0,1,2,R752,0.411764706,0.428571429,0.142857143,0.285714286,1,2,0,1.00,16.80,8.75,9:51,0:38,38,,,,,,,,,,,,,,,,,,,,,,,,,,,,,,,
161,3,7/26/18,2018,207,9:27,0.065826323,82,0,0,1,R761,0.117647059,0.5,0,0.5,0,0,0,2.00,17.97,9.75,,NA,,,,,,,,,,,,,,,,,,,,,,,,,,,,,,,,
36,3,7/5/18,2018,186,11:52,0.486357981,83,0,1,1,R781,0.176470588,0,0,0,1,2,0,8.00,14.29,9.04,,NA,,,,,,,,,,,,,,,,,,,,,,,,,,,,,,,,
5,3,6/26/18,2018,177,10:57,0.020737323,84,1,0,1,R605,0.823529412,0.5,0,0.142857143,1,1,1,3.50,25.00,22.74,,NA,,,,,,,,,,,,,,,,,,,,,,,,,,,,,,,,
37,3,7/5/18,2018,186,12:29,0.712886678,85,1,1,1,R778,0.176470588,0,0,0,0,0,0,2.00,14.18,4.91,,NA,,,,,,,,,,,,,,,,,,,,,,,,,,,,,,,,
176,3,7/26/18,2018,207,11:36,0.712886678,85,1,1,3,R778,0.176470588,0,0,0,1,1,0,3.67,12.39,6.14,,NA,,,,,,,,,,,,,,,,,,,,,,,,,,,,,,,,
183,3,7/27/18,2018,208,10:29,0.496804078,86,1,1,3,R520_L575,0.941176471,0.25,0,0,0,0,0,5.23,12.36,5.81,,NA,,,,,,,,,,,,,,,,,,,,,,,,,,,,,,,,
14,3,6/27/18,2018,178,9:33,0.056694429,88,0,1,1,R726,0.529411765,0.222222222,0.222222222,0.333333333,1,1,0,2.00,25.00,6.95,10:11,0:38,38,,,,,,,,,,,,,,,,,,,,,,,,,,,,,,,
342,3,8/2/19,2019,214,9:11,0.116184284,1,1,1,5,R713,0.533333333,0,0,0,0,0,0,4.73,23.70,8.20,,NA,,,,,,,,,,,,,,,,,,,,,,,,,,,,,,,,
233,3,7/11/19,2019,192,9:59,0.605288301,5,0,1,2,R853,0.466666667,0.285714286,0,0,0,0,0,0.67,22.83,4.50,,NA,,,,,,,,,,,,,,,,,,,,,,,,,,,,,,,,
218,3,7/10/19,2019,191,8:49,0.074597712,6,1,1,1,R478,0.533333333,0,0.125,0,0,0,0,1.00,28.70,11.65,8:58,0:09,9,,,,,,,,,,,,,,,,,,,,,,,,,,,,,,,
243,3,7/11/19,2019,192,11:26,0.074597712,6,1,1,2,R478,0.533333333,0,0.125,0,0,0,1,4.15,26.94,15.15,11:41,0:15,15,,,,,,,,,,,,,,,,,,,,,,,,,,,,,,,
249,3,7/16/19,2019,197,12:34,0.074597712,6,1,1,3,R478,0.533333333,0,0.125,0,1,1,0,6.52,24.05,6.93,,NA,,,,,,,,,,,,,,,,,,,,,,,,,,,,,,,,
344,3,8/2/19,2019,214,9:56,0.605288301,8,1,1,4,R611,0.533333333,0,0,0,0,0,0,2.65,18.94,3.33,,NA,,,,,,,,,,,,,,,,,,,,,,,,,,,,,,,,
226,3,7/10/19,2019,191,11:08,0.119882736,9,0,1,1,R831,0.733333333,0,0,0.090909091,1,3,0,0.51,35.40,14.22,,NA,,,,,,,,,,,,,,,,,,,,,,,,,,,,,,,,
242,3,7/11/19,2019,192,11:22,0.074597712,11,0,0,1,R906,0.2,0,0,0,0,0,1,1.50,17.23,6.24,,NA,,,,,,,,,,,,,,,,,,,,,,,,,,,,,,,,
249,3,7/16/19,2019,197,12:34,0.074597712,14,1,1,1,R693,0.266666667,0.25,0,0,1,1,1,6.98,24.30,5.96,,NA,,,,,,,,,,,,,,,,,,,,,,,,,,,,,,,,
213,3,7/2/19,2019,183,10:31,0.074597712,26,1,1,1,R815,0.066666667,0,0,1,0,0,0,2.30,28.00,6.20,12:05,1:34,94,,,,,,,,,,,,,,,,,,,,,,,,,,,,,,,
227,3,7/10/19,2019,191,11:29,0.074597712,26,1,1,2,R815,0.066666667,0,0,1,0,0,0,1.35,27.80,6.95,,NA,,,,,,,,,,,,,,,,,,,,,,,,,,,,,,,,
343,3,8/2/19,2019,214,9:24,0.132038779,27,1,1,7,R717,1,0.133333333,0.066666667,0.133333333,1,2,0,0.43,22.00,3.90,,NA,,,,,,,,,,,,,,,,,,,,,,,,,,,,,,,,
210,3,6/26/19,2019,177,14:05,0.132038779,33,0,1,1,R887,0.333333333,0.2,0.2,0.4,0,0,0,2.95,20.35,8.90,,NA,,,,,,,,,,,,,,,,,,,,,,,,,,,,,,,,
211,3,7/2/19,2019,183,9:34,0.210660206,36,1,1,2,R291,0.933333333,0,0,0.142857143,1,1,0,0.90,24.70,11.30,,NA,,,,,,,,,,,,,,,,,,,,,,,,,,,,,,,,
345,3,8/2/19,2019,214,10:41,0.197754547,40,0,1,5,R850,0.333333333,0,0,0,0,0,0,4.94,23.07,6.70,,NA,,,,,,,,,,,,,,,,,,,,,,,,,,,,,,,,
239,3,7/11/19,2019,192,10:45,0.109608149,41,0,1,2,R837,0.466666667,0,0,0,1,2,0,6.65,22.65,11.24,11:12,0:27,27,,,,,,,,,,,,,,,,,,,,,,,,,,,,,,,
235,3,7/11/19,2019,192,10:10,0.287754076,45,1,1,2,R150_R751_L230,0.266666667,0,0,0,0,0,0,1.05,28.00,5.99,10:23,0:13,13,,,,,,,,,,,,,,,,,,,,,,,,,,,,,,,
247,3,7/16/19,2019,197,12:19,0.287754076,45,1,1,3,R150_R751_L230,0.266666667,0,0,0,0,0,0,1.95,25.75,9.84,12:46,0:27,27,,,,,,,,,,,,,,,,,,,,,,,,,,,,,,,
211,3,7/2/19,2019,183,9:34,0.103186419,46,1,1,2,R584,0.666666667,0.1,0,0.1,1,1,0,1.10,24.30,9.00,,NA,,,,,,,,,,,,,,,,,,,,,,,,,,,,,,,,
237,3,7/11/19,2019,192,10:31,0.103186419,46,1,1,3,R584,0.666666667,0.1,0,0.1,0,0,1,6.50,29.44,8.40,,NA,,,,,,,,,,,,,,,,,,,,,,,,,,,,,,,,
224,3,7/10/19,2019,191,10:49,0.12276042,50,0,1,1,R838,0.6,0.111111111,0.222222222,0,1,1,1,6.00,23.23,4.35,,NA,,,,,,,,,,,,,,,,,,,,,,,,,,,,,,,,
228,3,7/10/19,2019,191,11:48,0.103186419,53,1,0,1,R471,0.6,0.222222222,0,0,0,0,0,0.95,20.80,11.96,,NA,,,,,,,,,,,,,,,,,,,,,,,,,,,,,,,,
220,3,7/10/19,2019,191,9:55,0.118080972,55,1,0,1,R730,0.6,0.222222222,0,0.111111111,0,0,1,1.90,22.90,6.89,,NA,,,,,,,,,,,,,,,,,,,,,,,,,,,,,,,,
230,3,7/11/19,2019,192,9:03,0.118080972,55,1,0,2,R730,0.6,0.222222222,0,0.111111111,1,1,0,1.60,22.87,9.83,9:16,0:13,13,,,,,,,,,,,,,,,,,,,,,,,,,,,,,,,
208,3,6/26/19,2019,177,13:13,0.132038779,56,0,1,1,R855,0.466666667,0.285714286,0,0.142857143,0,0,0,1.10,17.65,9.10,13:14,0:01,1,,,,,,,,,,,,,,,,,,,,,,,,,,,,,,,
207,3,6/26/19,2019,177,12:57,0.132038779,58,1,1,1,R747,0.866666667,0.153846154,0,0.230769231,0,0,0,0.85,14.90,6.45,13:10,0:13,13,,,,,,,,,,,,,,,,,,,,,,,,,,,,,,,
343,3,8/2/19,2019,214,9:24,0.132038779,58,1,1,7,R747,0.866666667,0.153846154,0,0.230769231,1,2,0,0.62,25.89,11.00,9:45,0:21,21,,,,,,,,,,,,,,,,,,,,,,,,,,,,,,,
226,3,7/10/19,2019,191,11:08,0.08220849,59,1,1,1,R627,0.733333333,0,0.181818182,0,1,3,0,0.43,35.00,13.84,11:24,0:16,16,,,,,,,,,,,,,,,,,,,,,,,,,,,,,,,
223,3,7/10/19,2019,191,10:27,0.197754547,61,1,1,1,R450,0.333333333,0.4,0.2,0.2,0,0,0,1.00,24.63,15.64,10:44,0:17,17,,,,,,,,,,,,,,,,,,,,,,,,,,,,,,,
230,3,7/11/19,2019,192,9:03,0.043045719,63,1,1,1,R685,0.6,0,0,0,1,1,0,1.17,23.65,4.58,9:25,0:22,22,,,,,,,,,,,,,,,,,,,,,,,,,,,,,,,
346,3,8/2/19,2019,214,10:49,0.043045719,63,1,1,5,R685,0.6,0,0,0,0,0,0,10.16,29.45,5.67,,NA,,,,,,,,,,,,,,,,,,,,,,,,,,,,,,,,
239,3,7/11/19,2019,192,10:45,0.12276042,67,0,1,1,R866,0.466666667,0,0,0.142857143,1,2,0,6.65,22.63,8.30,11:12,0:27,27,,,,,,,,,,,,,,,,,,,,,,,,,,,,,,,
226,3,7/10/19,2019,191,11:08,0.119882736,69,0,1,1,R832,0.2,0,0,0,1,3,0,0.65,35.50,14.40,,NA,,,,,,,,,,,,,,,,,,,,,,,,,,,,,,,,
209,3,6/26/19,2019,177,13:25,0.132038779,70,0,0,1,R864,0.466666667,0.571428571,0,0.285714286,0,0,0,1.80,21.00,11.00,13:33,0:08,8,,,,,,,,,,,,,,,,,,,,,,,,,,,,,,,
248,3,7/16/19,2019,197,12:19,0.103186419,76,1,1,1,R486_R650,0.133333333,1,1,0,0,0,0,3.54,28.20,9.35,,NA,,,,,,,,,,,,,,,,,,,,,,,,,,,,,,,,
224,3,7/10/19,2019,191,10:49,0.210660206,87,0,1,1,R840,0.6,0.222222222,0,0,1,1,1,5.80,23.30,4.20,,NA,,,,,,,,,,,,,,,,,,,,,,,,,,,,,,,,
91,4,7/18/18,2018,199,11:03,0,4,1,1,1,R305,0.823529412,0.5,0.285714286,0.357142857,1,2,0,15.75,27.21,11.06,11:08,0:05,5,,,,,,,,,,,,,,,,,,,,,,,,,,,,,,,
123,4,7/20/18,2018,201,10:06,0,4,1,1,2,R305,0.823529412,0.5,0.285714286,0.357142857,1,1,1,2.65,20.82,15.43,10:06,NA,,,,,,,,,,,,,,,,,,,,,,,,,,,,,,,,
153,4,7/25/18,2018,206,11:56,0.057618821,6,1,1,3,R478,0.117647059,0,0,0,0,0,0,1.70,16.21,9.69,,NA,,,,,,,,,,,,,,,,,,,,,,,,,,,,,,,,
81,4,7/18/18,2018,199,8:38,0.057618821,14,1,1,2,R693,0.176470588,0,0,0,0,0,1,1.00,19.15,9.42,8:59,0:21,21,,,,,,,,,,,,,,,,,,,,,,,,,,,,,,,
140,4,7/25/18,2018,206,9:37,0.057618821,14,1,1,4,R693,0.176470588,0,0,0,0,0,0,3.45,25.16,12.09,10:30,0:53,53,,,,,,,,,,,,,,,,,,,,,,,,,,,,,,,
151,4,7/25/18,2018,206,11:41,0.039938581,20,0,0,1,R813,0.058823529,0,0,1,1,1,1,4.65,25.73,20.01,,NA,,,,,,,,,,,,,,,,,,,,,,,,,,,,,,,,
125,4,7/20/18,2018,201,10:12,0.036098323,28,1,0,2,R593,0.823529412,0.071428571,0.071428571,0.285714286,0,0,1,5.22,23.57,12.83,,NA,,,,,,,,,,,,,,,,,,,,,,,,,,,,,,,,
97,4,7/18/18,2018,199,12:20,0.057618821,35,1,1,1,R601,0.529411765,0,0,0.222222222,0,0,0,0.00,16.50,11.62,,NA,,,,,,,,,,,,,,,,,,,,,,,,,,,,,,,,
136,4,7/25/18,2018,206,9:02,0.057618821,35,1,1,2,R601,0.529411765,0,0,0.222222222,1,2,1,0.60,30.29,23.81,,NA,,,,,,,,,,,,,,,,,,,,,,,,,,,,,,,,
120,4,7/20/18,2018,201,9:40,0.020737323,42,1,1,2,R523,0.588235294,0,0.1,0,0,0,0,1.46,37.15,13.63,,NA,,,,,,,,,,,,,,,,,,,,,,,,,,,,,,,,
130,4,7/20/18,2018,201,11:24,0.020737323,55,0,0,7,R730,0.588235294,0.2,0.1,0.3,0,0,0,0.57,32.55,19.50,,NA,,,,,,,,,,,,,,,,,,,,,,,,,,,,,,,,
141,4,7/25/18,2018,206,9:55,0.020737323,55,0,0,8,R730,0.588235294,0.2,0.1,0.3,1,1,0,0.66,26.85,15.34,10:30,0:35,35,,,,,,,,,,,,,,,,,,,,,,,,,,,,,,,
95,4,7/18/18,2018,199,12:05,0.020737323,59,1,1,1,R627,0.882352941,0,0.2,0,0,0,0,6.60,51.56,17.58,,NA,,,,,,,,,,,,,,,,,,,,,,,,,,,,,,,,
145,4,7/25/18,2018,206,10:13,0.075784348,60,0,1,2,R749,0.411764706,0.285714286,0.142857143,0.571428571,0,0,1,1.61,14.49,11.20,10:32,0:19,19,,,,,,,,,,,,,,,,,,,,,,,,,,,,,,,
88,4,7/18/18,2018,199,10:26,0.057618821,63,1,1,4,R685,0.529411765,0,0.111111111,0,0,0,1,2.50,19.85,13.05,,NA,,,,,,,,,,,,,,,,,,,,,,,,,,,,,,,,
132,4,7/20/18,2018,201,12:13,0.057618821,63,1,1,6,R685,0.529411765,0,0.111111111,0,0,0,0,4.77,19.11,12.85,,NA,,,,,,,,,,,,,,,,,,,,,,,,,,,,,,,,
136,4,7/25/18,2018,206,9:02,0.057618821,63,1,1,7,R685,0.529411765,0,0.111111111,0,1,2,1,4.15,22.53,15.81,10:58,1:56,116,,,,,,,,,,,,,,,,,,,,,,,,,,,,,,,
93,4,7/18/18,2018,199,11:55,0.039938581,72,1,1,1,R607,0.235294118,0,0.75,0.75,1,2,0,6.70,31.90,17.28,,NA,,,,,,,,,,,,,,,,,,,,,,,,,,,,,,,,
89,4,7/18/18,2018,199,10:35,0.37742407,74,0,0,1,R769,0.176470588,0.333333333,0,0.333333333,1,1,0,3.00,22.84,14.33,,NA,,,,,,,,,,,,,,,,,,,,,,,,,,,,,,,,
86,4,7/18/18,2018,199,9:55,0.020737323,78,0,1,3,R753,0.588235294,0.2,0,0.1,0,0,0,3.00,26.85,16.52,,NA,,,,,,,,,,,,,,,,,,,,,,,,,,,,,,,,
115,4,7/20/18,2018,201,8:15,0.020737323,78,0,1,4,R753,0.588235294,0.2,0,0.1,1,2,0,0.50,26.72,16.16,8:42,0:27,27,,,,,,,,,,,,,,,,,,,,,,,,,,,,,,,
141,4,7/25/18,2018,206,9:55,0.020737323,78,0,1,5,R753,0.588235294,0.2,0,0.1,1,1,0,0.66,27.73,16.24,10:59,1:04,64,,,,,,,,,,,,,,,,,,,,,,,,,,,,,,,
225,5,7/10/19,2019,191,10:59,0.605288301,5,0,1,1,R853,0.466666667,0.285714286,0,0,0,0,0,8.28,19.41,12.52,,NA,,,,,,,,,,,,,,,,,,,,,,,,,,,,,,,,
204,5,6/26/19,2019,177,11:02,0.605288301,8,1,1,1,R611,0.533333333,0,0,0,0,0,0,2.50,11.40,5.90,11:16,0:14,14,,,,,,,,,,,,,,,,,,,,,,,,,,,,,,,
221,5,7/10/19,2019,191,9:56,0.605288301,8,1,1,2,R611,0.533333333,0,0,0,1,2,1,3.70,14.80,9.61,,NA,,,,,,,,,,,,,,,,,,,,,,,,,,,,,,,,
203,5,6/26/19,2019,177,10:36,0.605288301,13,0,0,1,R872,0.333333333,0,0.2,0,0,0,0,0.50,12.10,2.95,,NA,,,,,,,,,,,,,,,,,,,,,,,,,,,,,,,,
219,5,7/10/19,2019,191,9:25,0.605288301,16,1,1,1,R688,0.2,0,0.333333333,0,1,1,0,0.73,12.10,8.10,,NA,,,,,,,,,,,,,,,,,,,,,,,,,,,,,,,,
238,5,7/11/19,2019,192,10:32,0.605288301,16,1,1,2,R688,0.2,0,0.333333333,0,0,0,0,6.84,33.46,9.67,,NA,,,,,,,,,,,,,,,,,,,,,,,,,,,,,,,,
244,5,7/11/19,2019,192,11:29,0.340656859,20,1,0,1,R813,0.133333333,0,0.5,0.5,0,0,0,2.35,20.81,7.13,,NA,,,,,,,,,,,,,,,,,,,,,,,,,,,,,,,,
205,5,6/26/19,2019,177,11:41,0.210660206,36,1,1,1,R291,0.933333333,0,0,0.142857143,0,0,0,0.70,25.35,7.87,11:43,0:02,2,,,,,,,,,,,,,,,,,,,,,,,,,,,,,,,
245,5,7/11/19,2019,192,11:34,0.197754547,40,0,1,1,R850,0.333333333,0,0,0,0,0,0,0.63,25.60,6.50,11:42,0:08,8,,,,,,,,,,,,,,,,,,,,,,,,,,,,,,,
229,5,7/10/19,2019,191,11:49,0.56315115,43,1,1,2,R734,0.866666667,0.153846154,0.076923077,0.076923077,0,0,0,6.54,17.14,9.35,11:50,0:01,1,,,,,,,,,,,,,,,,,,,,,,,,,,,,,,,
222,5,7/10/19,2019,191,10:25,0.605288301,44,1,0,2,R729,1,0,0,0,0,0,0,4.40,15.90,7.50,,NA,,,,,,,,,,,,,,,,,,,,,,,,,,,,,,,,
206,5,6/26/19,2019,177,12:00,0.103186419,46,1,1,1,R584,0.666666667,0.1,0,0.1,1,2,0,1.77,30.17,21.91,,NA,,,,,,,,,,,,,,,,,,,,,,,,,,,,,,,,
240,5,7/11/19,2019,192,11:16,0.12276042,50,0,1,2,R838,0.6,0.111111111,0.222222222,0,1,1,0,0.97,28.29,5.93,12:08,0:52,52,,,,,,,,,,,,,,,,,,,,,,,,,,,,,,,
241,5,7/11/19,2019,192,11:21,0.109608149,64,1,1,1,R733,0.066666667,0,0,0,0,0,0,0.45,21.87,9.38,,NA,,,,,,,,,,,,,,,,,,,,,,,,,,,,,,,,
236,5,7/11/19,2019,192,10:23,0.132038779,70,0,0,2,R864,0.466666667,0.571428571,0,0.285714286,0,0,0,1.74,18.87,4.84,,NA,,,,,,,,,,,,,,,,,,,,,,,,,,,,,,,,
305,6,7/23/19,2019,204,10:00,0.116184284,1,1,1,3,R713,0.533333333,0,0,0,0,0,0,0.87,22.00,15.49,,NA,,,,,,,,,,,,,,,,,,,,,,,,,,,,,,,,
325,6,7/24/19,2019,205,10:05,0.116184284,1,1,1,4,R713,0.533333333,0,0,0,0,0,0,3.41,24.72,6.00,,NA,,,,,,,,,,,,,,,,,,,,,,,,,,,,,,,,
310,6,7/23/19,2019,204,10:30,0.506072648,7,1,1,3,R741,0.933333333,0.071428571,0,0.071428571,0,0,0,0.25,21.42,2.72,,NA,,,,,,,,,,,,,,,,,,,,,,,,,,,,,,,,
321,6,7/24/19,2019,205,9:25,0.506072648,15,1,1,3,R587,0.533333333,0.125,0,0.125,1,1,0,0.60,25.00,1.55,,NA,,,,,,,,,,,,,,,,,,,,,,,,,,,,,,,,
337,6,7/29/19,2019,210,11:14,0.506072648,15,1,1,4,R587,0.533333333,0.125,0,0.125,1,1,0,2.61,21.50,2.35,,NA,,,,,,,,,,,,,,,,,,,,,,,,,,,,,,,,
308,6,7/23/19,2019,204,10:13,0.116184284,19,0,1,3,R910,0.266666667,0,0,0,0,0,0,0.30,15.27,3.72,,NA,,,,,,,,,,,,,,,,,,,,,,,,,,,,,,,,
328,6,7/24/19,2019,205,10:19,0.116184284,19,0,1,4,R910,0.266666667,0,0,0,0,0,0,2.10,19.13,4.00,,NA,,,,,,,,,,,,,,,,,,,,,,,,,,,,,,,,
297,6,7/23/19,2019,204,8:50,0.132038779,27,1,1,5,R717,1,0.133333333,0.066666667,0.133333333,0,0,0,0.50,34.40,2.63,8:51,0:01,1,,,,,,,,,,,,,,,,,,,,,,,,,,,,,,,
331,6,7/29/19,2019,210,10:03,0.132038779,27,1,1,6,R717,1,0.133333333,0.066666667,0.133333333,1,1,0,1.67,21.90,3.20,,NA,,,,,,,,,,,,,,,,,,,,,,,,,,,,,,,,
336,6,7/29/19,2019,210,11:09,0.307840399,29,1,0,1,R833,0.2,0,0,0.333333333,0,0,0,4.92,23.10,6.21,,NA,,,,,,,,,,,,,,,,,,,,,,,,,,,,,,,,
323,6,7/24/19,2019,205,9:38,0.210660206,34,0,0,2,R845,0.4,0,0.166666667,0.166666667,0,0,0,0.56,31.73,8.43,,NA,,,,,,,,,,,,,,,,,,,,,,,,,,,,,,,,
309,6,7/23/19,2019,204,10:18,0.56315115,43,1,1,6,R734,0.866666667,0.153846154,0.076923077,0.076923077,0,0,0,3.25,21.90,6.15,,NA,,,,,,,,,,,,,,,,,,,,,,,,,,,,,,,,
333,6,7/29/19,2019,210,10:20,0.56315115,43,1,1,8,R734,0.866666667,0.153846154,0.076923077,0.076923077,0,0,0,2.50,28.90,4.92,,NA,,,,,,,,,,,,,,,,,,,,,,,,,,,,,,,,
300,6,7/23/19,2019,204,9:15,0.12276042,47,0,1,4,R893,0.466666667,0.142857143,0,0.142857143,0,0,0,0.50,27.60,8.06,,NA,,,,,,,,,,,,,,,,,,,,,,,,,,,,,,,,
294,6,7/23/19,2019,204,8:31,0.132038779,56,0,1,2,R855,0.466666667,0.285714286,0,0.142857143,1,1,0,4.96,22.59,3.42,,NA,,,,,,,,,,,,,,,,,,,,,,,,,,,,,,,,
293,6,7/23/19,2019,204,8:30,0.132038779,58,1,1,4,R747,0.866666667,0.153846154,0,0.230769231,0,0,0,3.25,20.14,7.23,,NA,,,,,,,,,,,,,,,,,,,,,,,,,,,,,,,,
330,6,7/24/19,2019,205,11:17,0.132038779,58,1,1,5,R747,0.866666667,0.153846154,0,0.230769231,0,0,0,3.33,16.56,4.30,,NA,,,,,,,,,,,,,,,,,,,,,,,,,,,,,,,,
339,6,7/29/19,2019,210,11:36,0.132038779,58,1,1,6,R747,0.866666667,0.153846154,0,0.230769231,0,0,0,1.65,19.20,6.71,11:49,0:13,13,,,,,,,,,,,,,,,,,,,,,,,,,,,,,,,
312,6,7/23/19,2019,204,10:53,0.132038779,62,0,1,2,R867,0.266666667,0,0,0,0,0,0,7.32,27.43,12.16,,NA,,,,,,,,,,,,,,,,,,,,,,,,,,,,,,,,
317,6,7/24/19,2019,205,8:56,0.132038779,71,0,1,3,R882,0.466666667,0,0,0,0,0,0,6.35,25.88,5.40,,NA,,,,,,,,,,,,,,,,,,,,,,,,,,,,,,,,
340,6,7/29/19,2019,210,11:56,0.132038779,71,0,1,4,R882,0.466666667,0,0,0,0,0,0,0.50,27.23,4.53,11:57,0:01,1,,,,,,,,,,,,,,,,,,,,,,,,,,,,,,,
313,6,7/23/19,2019,204,11:13,0.210660206,81,0,0,2,R901,0.333333333,0.2,0,0.2,0,0,0,0.44,21.75,6.00,11:15,0:02,2,,,,,,,,,,,,,,,,,,,,,,,,,,,,,,,
133,7,7/20/18,2018,201,12:17,0.712886678,1,0,1,4,R713,0.588235294,0,0.2,0.1,0,0,0,2.96,13.42,7.09,12:18,0:01,1,,,,,,,,,,,,,,,,,,,,,,,,,,,,,,,
179,7,7/27/18,2018,208,9:41,0.032458452,3,1,0,1,R404,0.588235294,0.5,0,0.5,1,1,1,2.30,21.54,11.31,NA,NA,,,,,,,,,,,,,,,,,,,,,,,,,,,,,,,,
144,7,7/25/18,2018,206,10:12,0,4,1,1,3,R305,0.823529412,0.5,0.285714286,0.357142857,1,1,0,1.37,20.19,13.12,11:56,1:44,104,,,,,,,,,,,,,,,,,,,,,,,,,,,,,,,
172,7,7/26/18,2018,207,11:11,0,4,1,1,4,R305,0.823529412,0.5,0.285714286,0.357142857,0,0,0,1.85,26.16,13.34,11:11,NA,,,,,,,,,,,,,,,,,,,,,,,,,,,,,,,,
179,7,7/27/18,2018,208,9:41,0,4,1,1,5,R305,0.823529412,0.5,0.285714286,0.357142857,1,1,0,1.12,22.67,12.65,NA,NA,,,,,,,,,,,,,,,,,,,,,,,,,,,,,,,,
67,7,7/16/18,2018,197,11:59,0.138633832,7,0,1,4,R741,0.823529412,0.142857143,0,0,0,0,0,11.60,12.80,3.50,,NA,,,,,,,,,,,,,,,,,,,,,,,,,,,,,,,,
69,7,7/17/18,2018,198,8:52,0.138633832,7,0,1,5,R741,0.823529412,0.142857143,0,0,0,0,1,3.32,12.29,3.47,9:07,0:15,15,,,,,,,,,,,,,,,,,,,,,,,,,,,,,,,
83,7,7/18/18,2018,199,9:16,0.138633832,7,0,1,6,R741,0.823529412,0.142857143,0,0,0,0,0,0.52,15.75,2.32,,NA,,,,,,,,,,,,,,,,,,,,,,,,,,,,,,,,
99,7,7/19/18,2018,200,8:46,0.138633832,7,0,1,7,R741,0.823529412,0.142857143,0,0,0,0,0,4.69,14.66,2.54,,NA,,,,,,,,,,,,,,,,,,,,,,,,,,,,,,,,
116,7,7/20/18,2018,201,8:23,0.138633832,7,0,1,8,R741,0.823529412,0.142857143,0,0,0,0,0,0.56,17.54,0.91,,NA,,,,,,,,,,,,,,,,,,,,,,,,,,,,,,,,
150,7,7/25/18,2018,206,11:17,0.138633832,7,0,1,9,R741,0.823529412,0.142857143,0,0,0,0,0,5.15,20.68,1.54,,NA,,,,,,,,,,,,,,,,,,,,,,,,,,,,,,,,
65,7,7/16/18,2018,197,11:49,0.138633832,12,0,0,2,R716,0.705882353,0.083333333,0,0.166666667,0,0,0,1.20,13.40,6.00,11:50,0:01,1,,,,,,,,,,,,,,,,,,,,,,,,,,,,,,,
70,7,7/17/18,2018,198,9:07,0.138633832,12,0,0,3,R716,0.705882353,0.083333333,0,0.166666667,0,0,1,1.60,17.74,10.05,,NA,,,,,,,,,,,,,,,,,,,,,,,,,,,,,,,,
129,7,7/20/18,2018,201,11:21,0.138633832,12,0,0,4,R716,0.705882353,0.083333333,0,0.166666667,0,0,1,3.59,21.97,6.59,,NA,,,,,,,,,,,,,,,,,,,,,,,,,,,,,,,,
148,7,7/25/18,2018,206,10:45,0.138633832,12,0,0,5,R716,0.705882353,0.083333333,0,0.166666667,0,0,0,3.26,21.10,6.76,,NA,,,,,,,,,,,,,,,,,,,,,,,,,,,,,,,,
166,7,7/26/18,2018,207,10:10,0.138633832,12,0,0,6,R716,0.705882353,0.083333333,0,0.166666667,1,1,0,2.73,28.46,6.23,,NA,,,,,,,,,,,,,,,,,,,,,,,,,,,,,,,,
163,7,7/26/18,2018,207,9:54,0.138633832,12,0,0,7,R716,0.705882353,0.083333333,0,0.166666667,0,0,0,4.65,26.11,8.21,,NA,,,,,,,,,,,,,,,,,,,,,,,,,,,,,,,,
71,7,7/17/18,2018,198,9:17,0.484990647,15,1,1,1,R587,0.411764706,0.714285714,0,0,0,0,0,0.00,13.94,1.55,,NA,,,,,,,,,,,,,,,,,,,,,,,,,,,,,,,,
82,7,7/18/18,2018,199,9:12,0.484990647,15,1,1,2,R587,0.411764706,0.714285714,0,0,0,0,1,1.16,19.50,2.65,,NA,,,,,,,,,,,,,,,,,,,,,,,,,,,,,,,,
109,7,7/19/18,2018,200,10:59,0.484990647,15,1,1,3,R587,0.411764706,0.714285714,0,0,0,0,0,3.63,15.23,1.34,,NA,,,,,,,,,,,,,,,,,,,,,,,,,,,,,,,,
137,7,7/25/18,2018,206,9:07,0.484990647,15,1,1,4,R587,0.411764706,0.714285714,0,0,0,0,0,0.03,16.35,1.20,,NA,,,,,,,,,,,,,,,,,,,,,,,,,,,,,,,,
159,7,7/26/18,2018,207,9:21,0.484990647,15,1,1,5,R587,0.411764706,0.714285714,0,0,0,0,0,1.83,18.32,0.31,,NA,,,,,,,,,,,,,,,,,,,,,,,,,,,,,,,,
117,7,7/20/18,2018,201,8:23,0.484990647,17,0,0,1,R814,0.058823529,0,1,1,1,1,0,1.45,22.00,10.68,,NA,,,,,,,,,,,,,,,,,,,,,,,,,,,,,,,,
154,7,7/25/18,2018,206,12:00,0.484990647,17,0,0,2,R814,0.058823529,0,1,1,1,1,0,1.03,26.90,9.95,,NA,,,,,,,,,,,,,,,,,,,,,,,,,,,,,,,,
168,7,7/26/18,2018,207,10:20,0.484990647,17,0,0,3,R814,0.058823529,0,1,1,1,1,0,1.81,24.26,15.15,10:55,0:35,35,,,,,,,,,,,,,,,,,,,,,,,,,,,,,,,
94,7,7/18/18,2018,199,11:57,0.712886678,23,0,0,3,R799,0.294117647,0,0.4,0,0,0,0,4.25,14.01,10.52,,NA,,,,,,,,,,,,,,,,,,,,,,,,,,,,,,,,
102,7,7/19/18,2018,200,9:37,0.712886678,23,0,0,4,R799,0.294117647,0,0.4,0,0,0,0,0.77,25.57,8.87,,NA,,,,,,,,,,,,,,,,,,,,,,,,,,,,,,,,
126,7,7/20/18,2018,201,10:22,0.712886678,23,0,0,5,R799,0.294117647,0,0.4,0,0,0,0,3.03,21.26,10.83,10:42,0:20,20,,,,,,,,,,,,,,,,,,,,,,,,,,,,,,,
76,7,7/17/18,2018,198,11:01,0.712886678,24,0,1,2,R728,0.941176471,0.1875,0,0.125,0,0,0,5.11,7.31,5.00,,NA,,,,,,,,,,,,,,,,,,,,,,,,,,,,,,,,
131,7,7/20/18,2018,201,11:38,0,25,0,1,1,R739,0.470588235,0,0.375,0.25,1,1,0,4.38,24.01,8.39,11:59,0:21,21,,,,,,,,,,,,,,,,,,,,,,,,,,,,,,,
114,7,7/19/18,2018,200,11:55,0.138633832,27,0,1,3,R717,1,0.294117647,0.176470588,0.117647059,1,1,0,3.06,17.82,7.06,,NA,,,,,,,,,,,,,,,,,,,,,,,,,,,,,,,,
139,7,7/25/18,2018,206,9:36,0.138633832,27,0,1,4,R717,1,0.294117647,0.176470588,0.117647059,1,2,0,1.23,21.76,5.89,,NA,,,,,,,,,,,,,,,,,,,,,,,,,,,,,,,,
144,7,7/25/18,2018,206,10:12,0.020737323,30,0,1,1,R821,0.235294118,0.25,0.25,0.25,1,1,0,2.91,30.57,18.73,10:33,0:21,21,,,,,,,,,,,,,,,,,,,,,,,,,,,,,,,
90,7,7/18/18,2018,199,10:42,0.039938581,36,1,1,3,R291,0.882352941,0.066666667,0,0.2,0,0,0,0.38,21.34,6.96,,NA,,,,,,,,,,,,,,,,,,,,,,,,,,,,,,,,
117,7,7/20/18,2018,201,8:23,0.484990647,37,0,1,2,R745,0.941176471,0.4375,0.125,0.3125,1,1,0,0.65,9.83,3.54,8:24,0:01,1,,,,,,,,,,,,,,,,,,,,,,,,,,,,,,,
85,7,7/18/18,2018,199,9:40,0,38,0,1,3,R777,0.411764706,0,0,0,1,1,0,0.51,14.77,8.14,9:41,0:01,1,,,,,,,,,,,,,,,,,,,,,,,,,,,,,,,
127,7,7/20/18,2018,201,10:41,0,38,0,1,4,R777,0.411764706,0,0,0,0,0,0,5.20,18.67,10.81,,NA,,,,,,,,,,,,,,,,,,,,,,,,,,,,,,,,
155,7,7/25/18,2018,206,12:10,0,38,0,1,5,R777,0.411764706,0,0,0,0,0,0,2.12,26.10,11.77,,NA,,,,,,,,,,,,,,,,,,,,,,,,,,,,,,,,
169,7,7/26/18,2018,207,10:40,0,38,0,1,6,R777,0.411764706,0,0,0,1,1,0,1.82,23.71,14.43,,NA,,,,,,,,,,,,,,,,,,,,,,,,,,,,,,,,
79,7,7/17/18,2018,198,11:42,0.138633832,39,1,1,6,R518_R591_L560,0.941176471,0.1875,0.0625,0,0,0,0,1.00,10.00,2.55,,NA,,,,,,,,,,,,,,,,,,,,,,,,,,,,,,,,
80,7,7/18/18,2018,199,8:36,0.138633832,39,1,1,7,R518_R591_L560,0.941176471,0.1875,0.0625,0,0,0,0,4.14,13.68,0.35,,NA,,,,,,,,,,,,,,,,,,,,,,,,,,,,,,,,
108,7,7/19/18,2018,200,10:52,0.138633832,39,1,1,8,R518_R591_L560,0.941176471,0.1875,0.0625,0,0,0,0,1.90,17.44,0.04,,NA,,,,,,,,,,,,,,,,,,,,,,,,,,,,,,,,
119,7,7/20/18,2018,201,9:16,0.138633832,39,1,1,9,R518_R591_L560,0.941176471,0.1875,0.0625,0,1,1,0,1.53,21.70,4.33,,NA,,,,,,,,,,,,,,,,,,,,,,,,,,,,,,,,
157,7,7/25/18,2018,206,12:33,0.138633832,39,1,1,10,R518_R591_L560,0.941176471,0.1875,0.0625,0,1,2,0,2.29,23.11,1.59,12:35,0:02,2,,,,,,,,,,,,,,,,,,,,,,,,,,,,,,,
175,7,7/26/18,2018,207,11:30,0.138633832,39,1,1,11,R518_R591_L560,0.941176471,0.1875,0.0625,0,0,0,0,4.44,15.61,1.68,,NA,,,,,,,,,,,,,,,,,,,,,,,,,,,,,,,,
162,7,7/26/18,2018,207,9:41,0.020737323,42,1,1,3,R523,0.588235294,0,0.1,0,0,0,0,4.00,23.89,20.50,,NA,,,,,,,,,,,,,,,,,,,,,,,,,,,,,,,,
121,7,7/20/18,2018,201,9:50,0.270019437,43,0,1,1,R734,0.882352941,0.066666667,0.066666667,0.2,0,0,0,1.49,36.44,10.62,,NA,,,,,,,,,,,,,,,,,,,,,,,,,,,,,,,,
72,7,7/17/18,2018,198,9:25,0.311812239,44,0,0,3,R729,0.764705882,0.230769231,0.076923077,0,0,0,1,4.76,20.61,7.93,,NA,,,,,,,,,,,,,,,,,,,,,,,,,,,,,,,,
107,7,7/19/18,2018,200,10:33,0.311812239,44,0,0,4,R729,0.764705882,0.230769231,0.076923077,0,1,1,0,7.09,18.89,6.15,,NA,,,,,,,,,,,,,,,,,,,,,,,,,,,,,,,,
146,7,7/25/18,2018,206,10:19,0.311812239,44,0,0,5,R729,0.764705882,0.230769231,0.076923077,0,0,0,0,3.16,21.69,7.17,10:20,0:01,1,,,,,,,,,,,,,,,,,,,,,,,,,,,,,,,
160,7,7/26/18,2018,207,9:27,0.311812239,44,0,0,6,R729,0.764705882,0.230769231,0.076923077,0,0,0,0,3.94,20.31,6.34,,NA,,,,,,,,,,,,,,,,,,,,,,,,,,,,,,,,
105,7,7/19/18,2018,200,9:57,0.712886678,48,0,0,2,R750,0.411764706,0.285714286,0,0.285714286,0,0,1,0.68,22.24,10.61,,NA,,,,,,,,,,,,,,,,,,,,,,,,,,,,,,,,
122,7,7/20/18,2018,201,9:50,0.712886678,48,0,0,3,R750,0.411764706,0.285714286,0,0.285714286,0,0,0,6.69,24.90,13.12,,NA,,,,,,,,,,,,,,,,,,,,,,,,,,,,,,,,
138,7,7/25/18,2018,206,9:25,0.712886678,48,0,0,4,R750,0.411764706,0.285714286,0,0.285714286,0,0,0,1.01,15.54,9.59,9:26,0:01,1,,,,,,,,,,,,,,,,,,,,,,,,,,,,,,,
104,7,7/19/18,2018,200,9:49,0.138633832,52,0,1,4,R732,0.882352941,0.2,0.066666667,0.066666667,0,0,1,2.79,16.94,2.43,,NA,,,,,,,,,,,,,,,,,,,,,,,,,,,,,,,,
128,7,7/20/18,2018,201,11:07,0.138633832,52,0,1,5,R732,0.882352941,0.2,0.066666667,0.066666667,0,0,0,1.12,15.95,5.01,,NA,,,,,,,,,,,,,,,,,,,,,,,,,,,,,,,,
139,7,7/25/18,2018,206,9:36,0.138633832,52,0,1,6,R732,0.882352941,0.2,0.066666667,0.066666667,1,2,0,1.26,19.85,8.85,9:39,0:03,3,,,,,,,,,,,,,,,,,,,,,,,,,,,,,,,
78,7,7/17/18,2018,198,11:31,0.712886678,54,0,1,2,R737,0.764705882,0.230769231,0,0.153846154,0,0,1,4.15,13.96,5.07,,NA,,,,,,,,,,,,,,,,,,,,,,,,,,,,,,,,
84,7,7/18/18,2018,199,9:21,0.020737323,55,0,0,5,R730,0.588235294,0.2,0.1,0.3,0,0,0,7.74,28.72,16.46,10:36,1:15,75,,,,,,,,,,,,,,,,,,,,,,,,,,,,,,,
92,7,7/18/18,2018,199,11:43,0.712886678,57,0,1,2,R714,0.647058824,0.181818182,0,0.272727273,0,0,1,1.90,18.14,8.65,,NA,,,,,,,,,,,,,,,,,,,,,,,,,,,,,,,,
131,7,7/20/18,2018,201,11:38,0.712886678,57,0,1,3,R714,0.647058824,0.181818182,0,0.272727273,1,1,1,4.05,23.09,7.95,,NA,,,,,,,,,,,,,,,,,,,,,,,,,,,,,,,,
59,7,7/16/18,2018,197,10:37,0.138633832,58,0,1,3,R747,0.470588235,0.375,0,0.5,1,1,0,1.50,13.90,8.20,,NA,,,,,,,,,,,,,,,,,,,,,,,,,,,,,,,,
85,7,7/18/18,2018,199,9:40,0.138633832,58,0,1,4,R747,0.470588235,0.375,0,0.5,1,1,1,0.44,12.12,10.55,,NA,,,,,,,,,,,,,,,,,,,,,,,,,,,,,,,,
111,7,7/19/18,2018,200,11:31,0.138633832,58,0,1,5,R747,0.470588235,0.375,0,0.5,0,0,1,4.75,28.84,11.79,,NA,,,,,,,,,,,,,,,,,,,,,,,,,,,,,,,,
118,7,7/20/18,2018,201,9:03,0.138633832,58,0,1,6,R747,0.470588235,0.375,0,0.5,0,0,0,2.66,17.23,8.96,,NA,,,,,,,,,,,,,,,,,,,,,,,,,,,,,,,,
139,7,7/25/18,2018,206,9:36,0.138633832,58,0,1,7,R747,0.470588235,0.375,0,0.5,1,2,0,0.25,20.51,11.13,10:42,1:06,66,,,,,,,,,,,,,,,,,,,,,,,,,,,,,,,
174,7,7/26/18,2018,207,11:25,0.138633832,58,0,1,8,R747,0.470588235,0.375,0,0.5,0,0,0,4.46,17.84,10.29,,NA,,,,,,,,,,,,,,,,,,,,,,,,,,,,,,,,
107,7,7/19/18,2018,200,10:33,0.484990647,65,1,1,3,R296,0.764705882,0.384615385,0,0.076923077,1,1,0,7.09,17.58,8.90,,NA,,,,,,,,,,,,,,,,,,,,,,,,,,,,,,,,
119,7,7/20/18,2018,201,9:16,0.484990647,65,1,1,4,R296,0.764705882,0.384615385,0,0.076923077,1,1,0,1.21,28.90,2.86,,NA,,,,,,,,,,,,,,,,,,,,,,,,,,,,,,,,
157,7,7/25/18,2018,206,12:33,0.484990647,66,0,0,3,R738,0.823529412,0.285714286,0,0.071428571,1,2,0,1.41,23.86,4.95,,NA,,,,,,,,,,,,,,,,,,,,,,,,,,,,,,,,
166,7,7/26/18,2018,207,10:10,0.484990647,66,0,0,4,R738,0.823529412,0.285714286,0,0.071428571,1,1,0,2.41,22.31,8.83,10:14,0:04,4,,,,,,,,,,,,,,,,,,,,,,,,,,,,,,,
168,7,7/26/18,2018,207,10:20,0.484990647,66,0,0,5,R738,0.823529412,0.285714286,0,0.071428571,1,1,0,2.40,23.72,13.26,,NA,,,,,,,,,,,,,,,,,,,,,,,,,,,,,,,,
124,7,7/20/18,2018,201,10:10,0.37742407,74,0,0,2,R769,0.176470588,0.333333333,0,0.333333333,0,0,0,5.83,29.98,13.43,,NA,,,,,,,,,,,,,,,,,,,,,,,,,,,,,,,,
170,7,7/26/18,2018,207,11:00,0,77,1,0,1,R646,0.764705882,0.307692308,0,0.076923077,0,0,1,4.18,22.86,7.76,,NA,,,,,,,,,,,,,,,,,,,,,,,,,,,,,,,,
87,7,7/18/18,2018,199,10:19,0.712886678,85,1,1,2,R778,0.176470588,0,0,0,0,0,0,3.38,14.12,6.48,,NA,,,,,,,,,,,,,,,,,,,,,,,,,,,,,,,,
96,7,7/18/18,2018,199,12:09,0.496804078,86,1,1,1,R520_L575,0.941176471,0.25,0,0,0,0,0,2.35,36.89,11.15,,NA,,,,,,,,,,,,,,,,,,,,,,,,,,,,,,,,
134,7,7/20/18,2018,201,12:25,0.496804078,86,1,1,2,R520_L575,0.941176471,0.25,0,0,1,1,1,2.36,35.66,8.33,12:27,0:02,2,,,,,,,,,,,,,,,,,,,,,,,,,,,,,,,
270,7,7/18/19,2019,199,11:38,0.116184284,1,1,1,2,R713,0.533333333,0,0,0,0,0,0,0.96,24.25,15.07,,NA,,,,,,,,,,,,,,,,,,,,,,,,,,,,,,,,
274,7,7/18/19,2019,199,12:02,0.506072648,7,1,1,1,R741,0.933333333,0.071428571,0,0.071428571,0,0,0,4.39,18.60,1.32,,NA,,,,,,,,,,,,,,,,,,,,,,,,,,,,,,,,
280,7,7/19/19,2019,200,10:42,0.506072648,7,1,1,2,R741,0.933333333,0.071428571,0,0.071428571,0,0,1,0.09,28.97,1.06,,NA,,,,,,,,,,,,,,,,,,,,,,,,,,,,,,,,
266,7,7/18/19,2019,199,11:15,0.506072648,15,1,1,1,R587,0.533333333,0.125,0,0.125,0,0,0,5.89,17.73,3.23,,NA,,,,,,,,,,,,,,,,,,,,,,,,,,,,,,,,
288,7,7/19/19,2019,200,11:57,0.506072648,15,1,1,2,R587,0.533333333,0.1,0,0.125,0,0,0,1.00,22.82,1.01,,NA,,,,,,,,,,,,,,,,,,,,,,,,,,,,,,,,
272,7,7/18/19,2019,199,11:51,0.116184284,19,0,1,1,R910,0.266666667,0,0,0,0,0,1,3.49,29.65,5.46,,NA,,,,,,,,,,,,,,,,,,,,,,,,,,,,,,,,
287,7,7/19/19,2019,200,11:46,0.116184284,19,0,1,2,R910,0.266666667,0,0,0,1,1,1,4.91,30.33,5.36,11:48,0:02,2,,,,,,,,,,,,,,,,,,,,,,,,,,,,,,,
216,7,7/2/19,2019,183,12:13,0.132038779,27,1,1,1,R717,1,0.133333333,0.066666667,0.133333333,0,0,0,2.26,20.46,5.16,,NA,,,,,,,,,,,,,,,,,,,,,,,,,,,,,,,,
259,7,7/18/19,2019,199,10:22,0.132038779,27,1,1,3,R717,1,0.133333333,0.066666667,0.133333333,0,0,0,2.16,21.34,2.00,,NA,,,,,,,,,,,,,,,,,,,,,,,,,,,,,,,,
282,7,7/19/19,2019,200,10:55,0.132038779,27,1,1,4,R717,1,0.133333333,0.066666667,0.133333333,0,0,0,0.93,18.82,1.72,,NA,,,,,,,,,,,,,,,,,,,,,,,,,,,,,,,,
268,7,7/18/19,2019,199,11:30,0.506072648,39,1,1,2,R518_R591_L560,1,0.466666667,0,0.2,0,0,0,0.82,19.77,1.70,,NA,,,,,,,,,,,,,,,,,,,,,,,,,,,,,,,,
283,7,7/19/19,2019,200,11:21,0.506072648,39,1,1,3,R518_R591_L560,1,0.466666667,0,0.2,0,0,0,0.10,21.14,0.24,,NA,,,,,,,,,,,,,,,,,,,,,,,,,,,,,,,,
264,7,7/18/19,2019,199,11:02,0.56315115,43,1,1,4,R734,0.866666667,0.153846154,0.076923077,0.076923077,0,0,0,1.12,14.63,2.26,,NA,,,,,,,,,,,,,,,,,,,,,,,,,,,,,,,,
285,7,7/19/19,2019,200,11:27,0.56315115,43,1,1,5,R734,0.866666667,0.153846154,0.076923077,0.076923077,1,1,0,0.41,21.14,0.96,,NA,,,,,,,,,,,,,,,,,,,,,,,,,,,,,,,,
215,7,7/2/19,2019,183,11:44,0.12276042,47,0,1,1,R893,0.466666667,0.142857143,0,0.142857143,0,0,0,2.19,22.65,8.57,,NA,,,,,,,,,,,,,,,,,,,,,,,,,,,,,,,,
263,7,7/18/19,2019,199,10:57,0.12276042,47,0,1,2,R893,0.466666667,0.142857143,0,0.142857143,0,0,0,3.07,22.60,5.89,,NA,,,,,,,,,,,,,,,,,,,,,,,,,,,,,,,,
279,7,7/19/19,2019,200,10:21,0.12276042,47,0,1,3,R893,0.466666667,0.142857143,0,0.142857143,0,0,0,4.17,15.04,1.06,,NA,,,,,,,,,,,,,,,,,,,,,,,,,,,,,,,,
289,7,7/19/19,2019,200,12:04,0.132038779,49,0,0,1,R886,0.4,0.333333333,0,0.333333333,0,0,0,3.86,22.79,6.17,,NA,,,,,,,,,,,,,,,,,,,,,,,,,,,,,,,,
271,7,7/18/19,2019,199,11:45,0.12276042,50,0,1,3,R838,0.6,0.111111111,0.222222222,0,0,0,0,1.83,23.90,6.73,,NA,,,,,,,,,,,,,,,,,,,,,,,,,,,,,,,,
291,7,7/19/19,2019,200,12:13,0.12276042,50,0,1,4,R838,0.6,0.111111111,0.222222222,0,0,0,1,4.63,24.89,5.92,,NA,,,,,,,,,,,,,,,,,,,,,,,,,,,,,,,,
287,7,7/19/19,2019,200,11:46,0.12276042,51,1,1,1,R561,0.2,0,0.666666667,0,1,1,0,3.41,30.33,8.31,,NA,,,,,,,,,,,,,,,,,,,,,,,,,,,,,,,,
265,7,7/18/19,2019,199,11:10,0.132038779,58,1,1,3,R747,0.866666667,0.153846154,0,0.230769231,1,1,0,2.01,20.05,12.19,11:28,0:18,18,,,,,,,,,,,,,,,,,,,,,,,,,,,,,,,
260,7,7/18/19,2019,199,10:27,0.132038779,71,0,1,2,R882,0.466666667,0,0,0,0,0,0,3.60,14.75,7.63,,NA,,,,,,,,,,,,,,,,,,,,,,,,,,,,,,,,
261,7,7/18/19,2019,199,10:46,0.210660206,81,0,0,1,R901,0.333333333,0.2,0,0.2,0,0,1,0.03,20.47,5.24,,NA,,,,,,,,,,,,,,,,,,,,,,,,,,,,,,,,
113,8,7/19/18,2018,200,11:52,0.039938581,36,1,1,4,R291,0.882352941,0.066666667,0,0.2,0,0,0,6.95,27.05,10.85,11:53,0:01,1,,,,,,,,,,,,,,,,,,,,,,,,,,,,,,,
75,8,7/17/18,2018,198,10:31,0.039938581,46,0,1,4,R584,0.647058824,0.090909091,0.090909091,0.181818182,0,0,0,4.96,7.49,5.08,,NA,,,,,,,,,,,,,,,,,,,,,,,,,,,,,,,,
232,9,7/11/19,2019,192,9:51,0.116184284,1,1,1,1,R713,0.533333333,0,0,0,0,0,1,3.45,28.02,10.64,,NA,,,,,,,,,,,,,,,,,,,,,,,,,,,,,,,,
303,9,7/23/19,2019,204,9:46,0.605288301,8,1,1,3,R611,0.533333333,0,0,0,0,0,0,2.17,24.13,3.62,,NA,,,,,,,,,,,,,,,,,,,,,,,,,,,,,,,,
234,9,7/11/19,2019,192,10:08,0.605288301,32,0,1,1,R891,0.466666667,0,0,0,0,0,1,2.70,34.78,7.85,11:50,1:42,102,,,,,,,,,,,,,,,,,,,,,,,,,,,,,,,
307,9,7/23/19,2019,204,10:11,0.210660206,34,0,0,1,R845,0.4,0,0.166666667,0.166666667,0,0,0,0.60,32.90,5.55,10:18,0:07,7,,,,,,,,,,,,,,,,,,,,,,,,,,,,,,,
299,9,7/23/19,2019,204,9:03,0.210660206,36,1,1,3,R291,0.933333333,0,0,0.142857143,0,0,0,3.64,30.12,3.73,,NA,,,,,,,,,,,,,,,,,,,,,,,,,,,,,,,,
212,9,7/2/19,2019,183,10:29,0.56315115,43,1,1,1,R734,0.866666667,0.153846154,0.076923077,0.076923077,0,0,0,1.53,30.03,1.53,,NA,,,,,,,,,,,,,,,,,,,,,,,,,,,,,,,,
320,9,7/24/19,2019,205,9:24,0.56315115,43,1,1,7,R734,0.866666667,0.153846154,0.076923077,0.076923077,0,0,0,3.90,27.00,10.04,9:26,0:02,2,,,,,,,,,,,,,,,,,,,,,,,,,,,,,,,
214,9,7/2/19,2019,183,11:19,0.605288301,44,1,0,1,R729,1,0,0,0,0,0,0,2.35,20.40,2.26,,NA,,,,,,,,,,,,,,,,,,,,,,,,,,,,,,,,
217,9,7/2/19,2019,183,9.38,0.287754076,45,1,1,1,R150_R751_L230,0.266666667,0,0,0,0,0,0,0.70,19.80,4.50,,NA,,,,,,,,,,,,,,,,,,,,,,,,,,,,,,,,
290,9,7/19/19,2019,200,12:09,0.287754076,45,1,1,5,R150_R751_L230,0.266666667,0,0,0,0,0,0,0.86,25.88,11.81,,NA,,,,,,,,,,,,,,,,,,,,,,,,,,,,,,,,
327,9,7/24/19,2019,205,10:11,0.12276042,57,1,1,1,R714,0.533333333,0.125,0,0,0,0,0,5.80,27.84,5.65,,NA,,,,,,,,,,,,,,,,,,,,,,,,,,,,,,,,
231,9,7/11/19,2019,192,9:38,0.08220849,59,1,1,2,R627,0.733333333,0,0.181818182,0,0,0,0,1.85,26.77,9.03,9:46,0:08,8,,,,,,,,,,,,,,,,,,,,,,,,,,,,,,,
296,9,7/23/19,2019,204,8:45,0.605288301,66,1,0,1,R738,0.6,0,0.111111111,0.222222222,0,0,0,4.53,30.20,9.94,,NA,,,,,,,,,,,,,,,,,,,,,,,,,,,,,,,,
292,9,7/23/19,2019,204,8:22,0.605288301,68,0,1,5,R928,0.133333333,0.5,0,0.5,0,0,0,3.70,28.00,4.79,,NA,,,,,,,,,,,,,,,,,,,,,,,,,,,,,,,,
316,9,7/24/19,2019,205,8:43,0.210660206,81,0,0,3,R901,0.333333333,0.2,0,0.2,0,0,0,3.38,27.30,11.88,8:45,0:02,2,,,,,,,,,,,,,,,,,,,,,,,,,,,,,,,
250,10,7/16/19,2019,197,12:42,0.043045719,2,0,0,1,R844,0.466666667,0,0,0.142857143,0,0,0,1.00,21.65,11.80,,NA,,,,,,,,,,,,,,,,,,,,,,,,,,,,,,,,
269,10,7/18/19,2019,199,11:32,0.119882736,9,0,1,2,R831,0.733333333,0,0,0.090909091,0,0,0,0.84,28.49,11.25,,NA,,,,,,,,,,,,,,,,,,,,,,,,,,,,,,,,
329,10,7/24/19,2019,205,10:50,0.074597712,11,0,0,2,R906,0.2,0,0,0,0,0,0,1.58,25.44,14.45,,NA,,,,,,,,,,,,,,,,,,,,,,,,,,,,,,,,
255,10,7/16/19,2019,197,14:27,0.605288301,16,1,1,3,R688,0.2,0,0.333333333,0,0,0,0,2.37,23.82,10.81,,NA,,,,,,,,,,,,,,,,,,,,,,,,,,,,,,,,
252,10,7/16/19,2019,197,13:19,0.132038779,27,1,1,2,R717,1,0.133333333,0.066666667,0.133333333,0,0,0,1.09,28.12,1.33,,NA,,,,,,,,,,,,,,,,,,,,,,,,,,,,,,,,
332,10,7/29/19,2019,210,10:18,0.210660206,34,0,0,3,R845,0.4,0,0.166666667,0.166666667,0,0,0,4.55,28.71,16.32,10:30,0:12,12,,,,,,,,,,,,,,,,,,,,,,,,,,,,,,,
341,10,7/29/19,2019,210,11:58,0.210660206,36,1,1,4,R291,0.933333333,0,0,0.142857143,0,0,0,0.84,32.10,6.65,12:01,0:03,3,,,,,,,,,,,,,,,,,,,,,,,,,,,,,,,
254,10,7/16/19,2019,197,14:08,0.506072648,39,1,1,1,R518_R591_L560,1,0.466666667,0,0.2,0,0,0,6.34,36.25,4.41,,NA,,,,,,,,,,,,,,,,,,,,,,,,,,,,,,,,
278,10,7/19/19,2019,200,9:04,0.197754547,40,0,1,2,R850,0.333333333,0,0,0,0,0,0,3.33,17.80,5.99,,NA,,,,,,,,,,,,,,,,,,,,,,,,,,,,,,,,
304,10,7/23/19,2019,204,9:55,0.197754547,40,0,1,3,R850,0.333333333,0,0,0,0,0,0,6.90,20.30,8.16,10:02,0:07,7,,,,,,,,,,,,,,,,,,,,,,,,,,,,,,,
318,10,7/24/19,2019,205,9:00,0.197754547,40,0,1,4,R850,0.333333333,0,0,0,0,0,0,4.45,17.53,6.29,,NA,,,,,,,,,,,,,,,,,,,,,,,,,,,,,,,,
334,10,7/29/19,2019,210,10:42,0.109608149,41,0,1,1,R837,0.466666667,0,0,0,0,0,0,7.15,33.43,16.96,10:54,0:12,12,,,,,,,,,,,,,,,,,,,,,,,,,,,,,,,
273,10,7/18/19,2019,199,11:59,0.109608149,41,0,1,3,R837,0.466666667,0,0,0,1,1,0,0.62,21.70,10.15,,NA,,,,,,,,,,,,,,,,,,,,,,,,,,,,,,,,
302,10,7/23/19,2019,204,9:43,0.109608149,41,0,1,4,R837,0.466666667,0,0,0,0,0,0,3.25,21.66,13.65,,NA,,,,,,,,,,,,,,,,,,,,,,,,,,,,,,,,
276,10,7/19/19,2019,200,8:49,0.116184284,42,1,1,1,R523,0.666666667,0.1,0.2,0.1,0,0,0,3.90,23.84,8.60,,NA,,,,,,,,,,,,,,,,,,,,,,,,,,,,,,,,
262,10,7/18/19,2019,199,10:51,0.287754076,45,1,1,4,R150_R751_L230,0.266666667,0,0,0,0,0,0,0.82,26.99,9.64,,NA,,,,,,,,,,,,,,,,,,,,,,,,,,,,,,,,
301,10,7/23/19,2019,204,9:27,0.287754076,45,1,1,6,R150_R751_L230,0.266666667,0,0,0,0,0,0,1.25,14.85,5.67,,NA,,,,,,,,,,,,,,,,,,,,,,,,,,,,,,,,
319,10,7/24/19,2019,205,9:13,0.287754076,45,1,1,7,R150_R751_L230,0.266666667,0,0,0,0,0,0,5.35,18.62,8.35,,NA,,,,,,,,,,,,,,,,,,,,,,,,,,,,,,,,
284,10,7/19/19,2019,200,11:26,0.103186419,46,1,1,4,R584,0.666666667,0.1,0,0.1,0,0,0,1.29,24.55,12.90,,NA,,,,,,,,,,,,,,,,,,,,,,,,,,,,,,,,
295,10,7/23/19,2019,204,8:42,0.103186419,46,1,1,5,R584,0.666666667,0.1,0,0.1,0,0,0,1.15,22.68,14.59,,NA,,,,,,,,,,,,,,,,,,,,,,,,,,,,,,,,
324,10,7/24/19,2019,205,9:56,0.103186419,46,1,1,6,R584,0.666666667,0.1,0,0.1,0,0,0,5.45,19.05,11.21,,NA,,,,,,,,,,,,,,,,,,,,,,,,,,,,,,,,
275,10,7/19/19,2019,200,8:39,0.103186419,53,1,0,2,R471,0.6,0.222222222,0,0,0,0,0,2.17,18.20,11.30,,NA,,,,,,,,,,,,,,,,,,,,,,,,,,,,,,,,
246,10,7/16/19,2019,197,12:07,0.118080972,55,1,0,3,R730,0.6,0.222222222,0,0.111111111,0,0,0,9.29,18.80,10.55,12:12,0:05,5,,,,,,,,,,,,,,,,,,,,,,,,,,,,,,,
277,10,7/19/19,2019,200,8:51,0.118080972,55,1,0,4,R730,0.6,0.222222222,0,0.111111111,0,0,1,4.06,18.06,8.54,,NA,,,,,,,,,,,,,,,,,,,,,,,,,,,,,,,,
298,10,7/23/19,2019,204,8:51,0.118080972,55,1,0,5,R730,0.6,0.222222222,0,0.111111111,0,0,0,1.95,23.06,10.55,,NA,,,,,,,,,,,,,,,,,,,,,,,,,,,,,,,,
322,10,7/24/19,2019,205,9:30,0.118080972,55,1,0,6,R730,0.6,0.222222222,0,0.111111111,0,0,0,3.28,24.91,16.76,,NA,,,,,,,,,,,,,,,,,,,,,,,,,,,,,,,,
253,10,7/16/19,2019,197,13:51,0.132038779,58,1,1,2,R747,0.866666667,0.153846154,0,0.230769231,0,0,0,0.60,24.41,8.83,13:52,0:01,1,,,,,,,,,,,,,,,,,,,,,,,,,,,,,,,
267,10,7/18/19,2019,199,11:23,0.08220849,59,1,1,3,R627,0.733333333,0,0.181818182,0,0,0,0,0.35,31.77,11.08,11:33,0:10,10,,,,,,,,,,,,,,,,,,,,,,,,,,,,,,,
256,10,7/16/19,2019,197,14:47,0.132038779,62,0,1,1,R867,0.266666667,0,0,0,0,0,0,3.65,24.02,8.81,,NA,,,,,,,,,,,,,,,,,,,,,,,,,,,,,,,,
335,10,7/29/19,2019,210,11:03,0.132038779,62,0,1,3,R867,0.266666667,0,0,0,0,0,0,1.48,25.25,11.06,11:21,0:18,18,,,,,,,,,,,,,,,,,,,,,,,,,,,,,,,
286,10,7/19/19,2019,200,11:34,0.043045719,63,1,1,2,R685,0.6,0,0,0,0,0,1,9.35,26.71,8.59,11:45,0:11,11,,,,,,,,,,,,,,,,,,,,,,,,,,,,,,,
314,10,7/23/19,2019,204,11:25,0.043045719,63,1,1,3,R685,0.6,0,0,0,0,0,0,10.42,30.09,18.07,,NA,,,,,,,,,,,,,,,,,,,,,,,,,,,,,,,,
315,10,7/24/19,2019,205,8:32,0.043045719,63,1,1,4,R685,0.6,0,0,0,0,0,0,5.94,21.84,15.57,,NA,,,,,,,,,,,,,,,,,,,,,,,,,,,,,,,,
338,10,7/29/19,2019,210,11:34,0.605288301,66,1,0,2,R738,0.6,0,0.111111111,0.222222222,0,0,0,8.60,26.88,11.35,11:49,0:15,15,,,,,,,,,,,,,,,,,,,,,,,,,,,,,,,
258,10,7/18/19,2019,199,10:13,0.12276042,67,0,1,2,R866,0.466666667,0,0,0.142857143,0,0,0,0.44,23.52,6.87,10:45,0:32,32,,,,,,,,,,,,,,,,,,,,,,,,,,,,,,,
281,10,7/19/19,2019,200,10:47,0.12276042,67,0,1,3,R866,0.466666667,0,0,0.142857143,0,0,0,14.25,21.20,10.77,,NA,,,,,,,,,,,,,,,,,,,,,,,,,,,,,,,,
311,10,7/23/19,2019,204,10:31,0.12276042,67,0,1,4,R866,0.466666667,0,0,0.142857143,1,1,0,6.35,23.58,8.18,10:50,0:19,19,,,,,,,,,,,,,,,,,,,,,,,,,,,,,,,
306,10,7/23/19,2019,204,10:02,0.119882736,69,0,1,2,R832,0.2,0,0,0,0,0,0,2.13,21.72,7.80,,NA,,,,,,,,,,,,,,,,,,,,,,,,,,,,,,,,
257,10,7/16/19,2019,197,14:47,0.132038779,71,0,1,1,R882,0.466666667,0,0,0,0,0,0,3.94,23.22,11.94,,NA,,,,,,,,,,,,,,,,,,,,,,,,,,,,,,,,
273,10,7/18/19,2019,199,11:59,0.210660206,87,0,1,2,R840,0.6,0.222222222,0,0,1,1,0,0.75,21.45,9.89,12:00,0:01,1,,,,,,,,,,,,,,,,,,,,,,,,,,,,,,,
311,10,7/23/19,2019,204,10:31,0.210660206,87,0,1,3,R840,0.6,0.222222222,0,0,1,1,0,6.85,23.30,8.01,,NA,,,,,,,,,,,,,,,,,,,,,,,,,,,,,,,,
326,10,7/24/19,2019,205,10:07,0.210660206,87,0,1,4,R840,0.6,0.222222222,0,0,0,0,0,7.33,24.01,14.10,,NA,,,,,,,,,,,,,,,,,,,,,,,,,,,,,,,,